<?xml version="1.0" encoding="UTF-8"?>
<project-private xmlns="http://www.netbeans.org/ns/project-private/1">
    <editor-bookmarks xmlns="http://www.netbeans.org/ns/editor-bookmarks/2" lastBookmarkId="0"/>
    <open-files xmlns="http://www.netbeans.org/ns/projectui-open-files/2">
        <group>
            <file>file:/C:/Users/localadmin/Desktop/10%20-%20Electron/CS%204/CS4%20Q1/EX01_EL_Luis/src/ex01_el_luis/Constructor.java</file>
            <file>file:/C:/Users/localadmin/Desktop/10%20-%20Electron/CS%204/CS4%20Q1/EX01_EL_Luis/src/ex01_el_luis/Main.java</file>
        </group>
    </open-files>
</project-private>
